customer_id,date,region,department,ad_spend,revenue,profit,units,rating,subscribed
CUST_00001,2024-01-01 00:00:00.000000,South,Sports,4855.73,33200.75,7206.04,42,3.0,False
CUST_00002,2024-01-03 04:39:55.190380,East,Clothing,6692.03,50735.93,18161.98,40,3.0,False
CUST_00003,2024-01-05 09:19:50.380761,North,Clothing,1578.89,23400.49,-7930.19,18,2.0,True
CUST_00004,2024-01-07 13:59:45.571142,South,Sports,2755.04,28977.96,6473.56,44,2.0,True
CUST_00005,2024-01-09 18:39:40.761523,West,Electronics,3615.67,30018.2,1305.63,39,2.0,True
CUST_00006,2024-01-11 23:19:35.951903,North,Sports,7191.77,46461.83,5768.16,47,4.0,False
CUST_00007,2024-01-14 03:59:31.142284,South,Sports,5423.88,39429.09,763.58,32,3.0,True
CUST_00008,2024-01-16 08:39:26.332665,South,Clothing,6150.98,,5261.77,32,3.0,True
CUST_00009,2024-01-18 13:19:21.523046,West,Clothing,3289.76,36076.74,19382.6,37,5.0,False
CUST_00010,2024-01-20 17:59:16.713426,East,Clothing,3320.7,33748.72,-2776.24,34,,False
CUST_00011,2024-01-22 22:39:11.903807,East,Home,5671.72,37589.12,-1421.23,37,3.0,True
CUST_00012,2024-01-25 03:19:07.094188,North,Sports,5087.41,29900.8,-3731.4,30,2.0,True
CUST_00013,2024-01-27 07:59:02.284569,South,Electronics,5823.11,31551.79,17771.25,30,1.0,True
CUST_00014,2024-01-29 12:38:57.474949,North,Home,4718.49,34501.5,2973.89,23,4.0,True
CUST_00015,2024-01-31 17:18:52.665330,East,Clothing,5417.22,41013.91,7203.03,37,2.0,True
CUST_00016,2024-02-02 21:58:47.855711,West,Sports,5237.18,37211.09,3878.51,45,2.0,False
CUST_00017,2024-02-05 02:38:43.046092,South,Home,6166.65,39039.53,416.16,28,3.0,False
CUST_00018,2024-02-07 07:18:38.236472,West,Home,6210.51,47949.73,6984.9,46,3.0,True
CUST_00019,2024-02-09 11:58:33.426853,North,Electronics,2570.19,28641.72,22363.22,22,2.0,False
CUST_00020,2024-02-11 16:38:28.617234,South,Electronics,1629.1,28560.79,14885.44,29,2.0,True
CUST_00021,2024-02-13 21:18:23.807615,South,Electronics,6502.62,46695.38,2434.6,44,4.0,True
CUST_00022,2024-02-16 01:58:18.997995,East,Electronics,6781.59,39934.89,11721.3,52,2.0,False
CUST_00023,2024-02-18 06:38:14.188376,North,Sports,3469.07,37624.19,951.7,42,2.0,True
CUST_00024,2024-02-20 11:18:09.378757,North,Sports,2210.25,21531.11,-8558.97,11,3.0,True
CUST_00025,2024-02-22 15:58:04.569138,South,Sports,5148.55,40178.57,14368.72,46,,True
CUST_00026,2024-02-24 20:37:59.759519,West,Electronics,6396.26,46299.96,16454.64,40,3.0,True
CUST_00027,2024-02-27 01:17:54.949899,East,Electronics,7696.39,46614.82,15713.03,42,2.0,True
CUST_00028,2024-02-29 05:57:50.140280,West,Home,5774.45,34464.3,2914.52,37,2.0,False
CUST_00029,2024-03-02 10:37:45.330661,West,Clothing,4442.42,37331.88,5552.31,33,3.0,False
CUST_00030,2024-03-04 15:17:40.521042,South,Home,3660.3,21279.3,9078.63,28,3.0,False
CUST_00031,2024-03-06 19:57:35.711422,South,Home,5017.18,39355.2,9824.41,33,2.0,False
CUST_00032,2024-03-09 00:37:30.901803,North,Electronics,4551.1,41253.38,4670.15,36,3.0,True
CUST_00033,2024-03-11 05:17:26.092184,East,Clothing,3477.4,27905.04,-6310.6,23,3.0,False
CUST_00034,2024-03-13 09:57:21.282565,East,Home,8073.13,51797.39,10120.66,47,1.0,True
CUST_00035,2024-03-15 14:37:16.472945,East,Electronics,7677.75,45094.05,15670.0,54,4.0,True
CUST_00036,2024-03-17 19:17:11.663326,West,Clothing,6704.07,44198.87,-427.32,49,2.0,False
CUST_00037,2024-03-19 23:57:06.853707,West,Sports,3618.72,38887.37,11471.04,53,3.0,True
CUST_00038,2024-03-22 04:37:02.044088,East,Electronics,6282.53,42992.42,10059.43,61,3.0,True
CUST_00039,2024-03-24 09:16:57.234468,West,Home,5959.44,53106.0,14810.12,45,5.0,True
CUST_00040,2024-03-26 13:56:52.424849,South,Sports,5663.82,34829.11,12373.07,35,3.0,True
CUST_00041,2024-03-28 18:36:47.615230,East,Clothing,6874.5,50594.67,4245.78,41,1.0,True
CUST_00042,2024-03-30 23:16:42.805611,North,Sports,5953.06,39914.29,-4134.14,34,2.0,True
CUST_00043,2024-04-02 03:56:37.995991,South,Home,6110.02,43048.98,4014.18,38,3.0,False
CUST_00044,2024-04-04 08:36:33.186372,East,Home,5955.36,39730.65,13375.41,31,3.0,True
CUST_00045,2024-04-06 13:16:28.376753,North,Clothing,5511.19,37456.95,2948.22,29,3.0,True
CUST_00046,2024-04-08 17:56:23.567134,North,Electronics,2324.58,24395.84,-467.05,23,3.0,True
CUST_00047,2024-04-10 22:36:18.757515,East,Electronics,5125.43,34511.44,-6537.39,25,3.0,False
CUST_00048,2024-04-13 03:16:13.947895,West,Clothing,4165.71,40678.26,19590.62,47,3.0,True
CUST_00049,2024-04-15 07:56:09.138276,South,Clothing,3080.24,30292.2,11232.59,23,1.0,True
CUST_00050,2024-04-17 12:36:04.328657,West,Electronics,7522.72,53793.67,15072.13,76,3.0,True
CUST_00051,2024-04-19 17:15:59.519038,West,Clothing,7593.49,58808.8,17359.66,55,4.0,False
CUST_00052,2024-04-21 21:55:54.709418,West,Home,7038.83,56167.05,14147.03,57,3.0,False
CUST_00053,2024-04-24 02:35:49.899799,South,Clothing,5382.82,34436.56,4488.28,24,3.0,True
CUST_00054,2024-04-26 07:15:45.090180,South,Sports,7025.94,44764.01,6911.17,58,4.0,False
CUST_00055,2024-04-28 11:55:40.280561,South,Electronics,5018.08,31764.32,2724.63,41,3.0,True
CUST_00056,2024-04-30 16:35:35.470941,South,Sports,5304.2,36158.56,24951.73,39,1.0,True
CUST_00057,2024-05-02 21:15:30.661322,East,Home,3359.79,28780.42,9071.86,18,1.0,True
CUST_00058,2024-05-05 01:55:25.851703,South,Sports,5595.49,45337.3,4914.11,47,5.0,True
CUST_00059,2024-05-07 06:35:21.042084,West,Home,5090.58,,11007.62,34,3.0,True
CUST_00060,2024-05-09 11:15:16.232464,West,Home,3046.02,31978.94,-1319.87,44,1.0,True
CUST_00061,2024-05-11 15:55:11.422845,South,Sports,4923.2,40560.91,17832.51,47,4.0,True
CUST_00062,2024-05-13 20:35:06.613226,East,Clothing,4880.41,27083.55,247.55,28,2.0,True
CUST_00063,2024-05-16 01:15:01.803607,South,Electronics,7696.34,35644.85,9923.67,16,4.0,True
CUST_00064,2024-05-18 05:54:56.993987,South,Clothing,6341.32,44289.47,15433.95,36,3.0,False
CUST_00065,2024-05-20 10:34:52.184368,South,Sports,5017.17,35331.01,9052.96,41,3.0,False
CUST_00066,2024-05-22 15:14:47.374749,South,Home,5373.18,37719.96,7450.88,47,3.0,True
CUST_00067,2024-05-24 19:54:42.565130,South,Sports,5066.32,28623.29,5227.81,37,3.0,True
CUST_00068,2024-05-27 00:34:37.755511,East,Clothing,4695.63,37171.35,6295.75,24,5.0,True
CUST_00069,2024-05-29 05:14:32.945891,West,Home,3376.36,44542.98,3980.85,47,,True
CUST_00070,2024-05-31 09:54:28.136272,East,Electronics,4773.42,41749.69,4368.56,50,2.0,True
CUST_00071,2024-06-02 14:34:23.326653,West,Clothing,3880.85,37421.94,17093.08,24,3.0,True
CUST_00072,2024-06-04 19:14:18.517034,East,Electronics,3124.53,28867.84,4436.45,29,3.0,False
CUST_00073,2024-06-06 23:54:13.707414,North,Sports,5766.83,37174.47,1190.83,39,4.0,False
CUST_00074,2024-06-09 04:34:08.897795,West,Clothing,5586.9,32796.6,2289.3,30,2.0,True
CUST_00075,2024-06-11 09:14:04.088176,West,Home,2319.94,31677.96,13404.63,17,4.0,True
CUST_00076,2024-06-13 13:53:59.278557,West,Electronics,4815.97,44616.31,12760.18,42,4.0,False
CUST_00077,2024-06-15 18:33:54.468937,West,Clothing,6493.55,39236.11,10984.8,37,,True
CUST_00078,2024-06-17 23:13:49.659318,South,Electronics,6588.84,38203.26,5073.94,37,2.0,False
CUST_00079,2024-06-20 03:53:44.849699,South,Home,6538.76,35537.7,10410.32,31,2.0,True
CUST_00080,2024-06-22 08:33:40.040080,South,Sports,5058.37,30591.72,1001.58,27,2.0,True
CUST_00081,2024-06-24 13:13:35.230460,South,Sports,3732.43,30397.14,3654.19,30,2.0,True
CUST_00082,2024-06-26 17:53:30.420841,East,Sports,3374.45,21790.8,10710.97,25,1.0,True
CUST_00083,2024-06-28 22:33:25.611222,North,Sports,5516.91,41368.98,13566.36,39,1.0,False
CUST_00084,2024-07-01 03:13:20.801603,West,Clothing,5568.92,47289.96,1638.82,44,3.0,True
CUST_00085,2024-07-03 07:53:15.991983,West,Electronics,6931.0,47728.47,2602.44,48,4.0,False
CUST_00086,2024-07-05 12:33:11.182364,West,Sports,6649.97,35471.34,7145.76,20,2.0,True
CUST_00087,2024-07-07 17:13:06.372745,South,Sports,4801.66,29514.53,17395.54,33,4.0,False
CUST_00088,2024-07-09 21:53:01.563126,East,Sports,3133.69,37504.27,-6658.19,37,3.0,False
CUST_00089,2024-07-12 02:32:56.753507,West,Clothing,4521.34,25515.39,6541.1,26,3.0,True
CUST_00090,2024-07-14 07:12:51.943887,East,Electronics,5325.85,38400.77,-2720.16,46,3.0,True
CUST_00091,2024-07-16 11:52:47.134268,West,Clothing,4696.88,34237.5,1722.43,19,3.0,False
CUST_00092,2024-07-18 16:32:42.324649,South,Home,4133.16,35920.49,3914.69,20,3.0,True
CUST_00093,2024-07-20 21:12:37.515030,East,Sports,5379.33,37021.74,3720.35,39,4.0,False
CUST_00094,2024-07-23 01:52:32.705410,East,Home,4244.06,37891.02,3083.81,38,3.0,True
CUST_00095,2024-07-25 06:32:27.895791,East,Home,4057.9,37968.91,6884.85,39,3.0,True
CUST_00096,2024-07-27 11:12:23.086172,South,Electronics,5467.18,46474.85,4618.68,43,4.0,True
CUST_00097,2024-07-29 15:52:18.276553,East,Sports,4397.01,35513.33,-3844.8,41,3.0,False
CUST_00098,2024-07-31 20:32:13.466933,West,Sports,5366.16,44799.85,13523.06,52,4.0,False
CUST_00099,2024-08-03 01:12:08.657314,West,Electronics,5409.81,35683.95,11693.22,40,5.0,True
CUST_00100,2024-08-05 05:52:03.847695,North,Home,3290.86,35600.49,12310.31,34,3.0,False
CUST_00101,2024-08-07 10:31:59.038076,North,Home,4278.14,29810.01,-5419.34,13,3.0,False
CUST_00102,2024-08-09 15:11:54.228456,South,Home,7156.67,41337.89,9533.25,47,4.0,True
CUST_00103,2024-08-11 19:51:49.418837,West,Sports,3256.88,34446.28,10932.18,44,4.0,True
CUST_00104,2024-08-14 00:31:44.609218,North,Electronics,1825.02,16030.65,-4332.9,21,2.0,False
CUST_00105,2024-08-16 05:11:39.799599,South,Home,2207.23,25532.78,4660.11,18,1.0,False
CUST_00106,2024-08-18 09:51:34.989979,South,Electronics,5043.66,40586.99,6491.79,46,3.0,True
CUST_00107,2024-08-20 14:31:30.180360,East,Electronics,5046.38,40740.17,20228.29,48,1.0,False
CUST_00108,2024-08-22 19:11:25.370741,West,Sports,4823.58,32954.85,19403.34,45,4.0,True
CUST_00109,2024-08-24 23:51:20.561122,West,Sports,6821.28,48286.09,-2959.0,41,4.0,False
CUST_00110,2024-08-27 04:31:15.751503,North,Electronics,990.75,24308.14,21832.95,22,3.0,False
CUST_00111,2024-08-29 09:11:10.941883,East,Clothing,5593.9,32135.66,-622.16,38,2.0,False
CUST_00112,2024-08-31 13:51:06.132264,West,Electronics,7342.16,45659.8,15083.48,46,2.0,True
CUST_00113,2024-09-02 18:31:01.322645,East,Electronics,3308.33,36796.03,13416.77,28,3.0,True
CUST_00114,2024-09-04 23:10:56.513026,South,Home,4430.29,34766.64,-711.84,38,3.0,True
CUST_00115,2024-09-07 03:50:51.703406,West,Electronics,3870.66,39252.51,10518.33,44,3.0,True
CUST_00116,2024-09-09 08:30:46.893787,North,Home,3658.48,40656.4,6565.42,41,3.0,False
CUST_00117,2024-09-11 13:10:42.084168,South,Sports,4510.61,36125.19,10382.84,38,5.0,True
CUST_00118,2024-09-13 17:50:37.274549,South,Clothing,7141.23,47609.35,10184.39,46,4.0,True
CUST_00119,2024-09-15 22:30:32.464929,East,Clothing,7756.08,63848.05,19867.02,76,5.0,True
CUST_00120,2024-09-18 03:10:27.655310,South,Home,4496.09,32700.34,6413.86,25,3.0,True
CUST_00121,2024-09-20 07:50:22.845691,South,Electronics,7857.59,43240.95,6608.25,39,4.0,True
CUST_00122,2024-09-22 12:30:18.036072,South,Electronics,5053.36,38167.44,14542.59,38,3.0,False
CUST_00123,2024-09-24 17:10:13.226452,West,Home,7630.54,54547.1,13881.25,62,2.0,False
CUST_00124,2024-09-26 21:50:08.416833,East,Electronics,4860.05,36151.63,11629.99,24,3.0,True
CUST_00125,2024-09-29 02:30:03.607214,West,Sports,5196.59,37484.36,2095.08,27,4.0,False
CUST_00126,2024-10-01 07:09:58.797595,East,Sports,5548.21,53117.07,2244.23,37,3.0,False
CUST_00127,2024-10-03 11:49:53.987975,East,Sports,9768.28,60097.34,6843.47,60,,True
CUST_00128,2024-10-05 16:29:49.178356,West,Clothing,6276.93,43351.29,3457.48,34,3.0,False
CUST_00129,2024-10-07 21:09:44.368737,West,Clothing,3939.1,42256.06,13109.49,39,4.0,True
CUST_00130,2024-10-10 01:49:39.559118,South,Clothing,6453.5,41203.26,14248.48,46,4.0,True
CUST_00131,2024-10-12 06:29:34.749499,West,Home,4457.25,38514.6,5846.72,33,4.0,True
CUST_00132,2024-10-14 11:09:29.939879,North,Clothing,4265.37,36837.86,16647.25,39,3.0,True
CUST_00133,2024-10-16 15:49:25.130260,South,Sports,6362.9,34972.2,15874.28,33,3.0,False
CUST_00134,2024-10-18 20:29:20.320641,East,Sports,5046.63,41444.65,9163.83,47,3.0,False
CUST_00135,2024-10-21 01:09:15.511022,South,Clothing,5417.86,47246.23,2751.08,51,2.0,False
CUST_00136,2024-10-23 05:49:10.701402,West,Electronics,5020.98,44439.8,19026.8,39,1.0,True
CUST_00137,2024-10-25 10:29:05.891783,North,Clothing,5504.87,,6265.0,36,3.0,True
CUST_00138,2024-10-27 15:09:01.082164,East,Home,5637.45,39569.27,8005.62,48,3.0,False
CUST_00139,2024-10-29 19:48:56.272545,South,Clothing,2094.55,22396.5,1654.13,26,3.0,True
CUST_00140,2024-11-01 00:28:51.462925,West,Clothing,5999.86,44814.62,1838.1,34,5.0,True
CUST_00141,2024-11-03 05:08:46.653306,East,Sports,3526.97,31818.85,-4553.08,37,4.0,True
CUST_00142,2024-11-05 09:48:41.843687,East,Home,2836.55,35542.76,10827.78,27,2.0,True
CUST_00143,2024-11-07 14:28:37.034068,North,Sports,4912.38,28113.49,-423.38,39,2.0,True
CUST_00144,2024-11-09 19:08:32.224448,South,Sports,5125.97,40958.89,28789.32,49,3.0,True
CUST_00145,2024-11-11 23:48:27.414829,East,Home,3959.74,33600.53,-1554.42,36,5.0,True
CUST_00146,2024-11-14 04:28:22.605210,West,Home,6246.55,49045.93,26.59,50,5.0,True
CUST_00147,2024-11-16 09:08:17.795591,East,Clothing,2986.74,26002.01,8251.33,24,3.0,True
CUST_00148,2024-11-18 13:48:12.985971,East,Sports,4389.58,43906.49,18608.36,49,3.0,True
CUST_00149,2024-11-20 18:28:08.176352,East,Clothing,4122.69,42438.93,8091.13,39,2.0,True
CUST_00150,2024-11-22 23:08:03.366733,West,Sports,4930.12,46753.43,12421.31,49,4.0,False
CUST_00151,2024-11-25 03:47:58.557114,North,Home,5418.3,31349.41,-7261.94,38,2.0,True
CUST_00152,2024-11-27 08:27:53.747494,North,Clothing,3488.16,35363.25,1622.8,31,3.0,False
CUST_00153,2024-11-29 13:07:48.937875,West,Home,6086.42,48649.97,1241.68,44,3.0,False
CUST_00154,2024-12-01 17:47:44.128256,South,Sports,5094.5,28646.66,-8108.92,19,4.0,True
CUST_00155,2024-12-03 22:27:39.318637,West,Home,2162.08,30836.84,6369.49,22,2.0,False
CUST_00156,2024-12-06 03:07:34.509018,South,Clothing,2062.11,26396.12,-10948.49,12,1.0,False
CUST_00157,2024-12-08 07:47:29.699398,West,Electronics,4981.52,45046.46,-1147.01,51,4.0,True
CUST_00158,2024-12-10 12:27:24.889779,South,Sports,4668.55,35915.5,2704.43,50,2.0,True
CUST_00159,2024-12-12 17:07:20.080160,South,Home,4844.87,37205.64,878.01,49,3.0,True
CUST_00160,2024-12-14 21:47:15.270541,South,Home,4958.03,43585.16,10620.19,31,3.0,False
CUST_00161,2024-12-17 02:27:10.460921,West,Clothing,5338.34,49883.53,11118.1,56,3.0,False
CUST_00162,2024-12-19 07:07:05.651302,North,Home,6421.47,28765.62,11434.4,40,3.0,False
CUST_00163,2024-12-21 11:47:00.841683,West,Sports,3333.34,34176.18,11418.4,31,1.0,False
CUST_00164,2024-12-23 16:26:56.032064,West,Clothing,3242.04,34589.92,14211.87,35,2.0,True
CUST_00165,2024-12-25 21:06:51.222444,South,Clothing,3360.01,21139.56,3791.69,5,3.0,False
CUST_00166,2024-12-28 01:46:46.412825,East,Electronics,5433.38,42179.42,9716.56,44,3.0,True
CUST_00167,2024-12-30 06:26:41.603206,North,Electronics,6867.42,51203.47,12797.22,43,2.0,False
CUST_00168,2025-01-01 11:06:36.793587,North,Home,4352.99,29484.12,6298.74,31,3.0,True
CUST_00169,2025-01-03 15:46:31.983967,East,Sports,1247.45,26691.81,2024.16,14,3.0,True
CUST_00170,2025-01-05 20:26:27.174348,North,Sports,2444.01,22731.93,1764.65,27,2.0,False
CUST_00171,2025-01-08 01:06:22.364729,West,Clothing,3750.44,34192.22,431.69,42,1.0,False
CUST_00172,2025-01-10 05:46:17.555110,East,Clothing,4163.41,44105.59,10890.32,38,4.0,False
CUST_00173,2025-01-12 10:26:12.745490,West,Home,4387.42,37416.88,6076.93,28,1.0,True
CUST_00174,2025-01-14 15:06:07.935871,North,Electronics,5057.87,40137.55,2582.54,23,3.0,True
CUST_00175,2025-01-16 19:46:03.126252,West,Electronics,4532.38,31383.43,1013.3,29,2.0,False
CUST_00176,2025-01-19 00:25:58.316633,West,Home,6574.01,58232.63,2009.08,54,3.0,True
CUST_00177,2025-01-21 05:05:53.507014,East,Home,3985.97,39097.16,13889.38,27,3.0,True
CUST_00178,2025-01-23 09:45:48.697394,North,Electronics,3706.52,31568.59,6232.67,35,2.0,True
CUST_00179,2025-01-25 14:25:43.887775,North,Home,5718.31,43420.99,1776.18,40,3.0,True
CUST_00180,2025-01-27 19:05:39.078156,South,Electronics,2696.54,20422.05,9335.8,12,3.0,True
CUST_00181,2025-01-29 23:45:34.268537,North,Clothing,5584.54,45950.8,4348.0,42,3.0,True
CUST_00182,2025-02-01 04:25:29.458917,North,Sports,5153.83,36710.4,-3237.63,45,4.0,False
CUST_00183,2025-02-03 09:05:24.649298,East,Clothing,4778.84,38325.0,14047.06,43,3.0,False
CUST_00184,2025-02-05 13:45:19.839679,East,Home,7382.41,47316.38,4757.27,46,3.0,False
CUST_00185,2025-02-07 18:25:15.030060,South,Home,4066.69,30123.5,2559.94,35,2.0,True
CUST_00186,2025-02-09 23:05:10.220440,South,Home,8090.45,52610.14,9758.09,43,2.0,True
CUST_00187,2025-02-12 03:45:05.410821,East,Electronics,4661.85,40216.95,15237.17,40,3.0,False
CUST_00188,2025-02-14 08:25:00.601202,West,Clothing,3084.48,38401.64,7052.56,40,3.0,False
CUST_00189,2025-02-16 13:04:55.791583,South,Clothing,5104.88,37195.54,-1698.62,33,1.0,True
CUST_00190,2025-02-18 17:44:50.981963,West,Electronics,3385.63,38943.53,10816.97,42,2.0,False
CUST_00191,2025-02-20 22:24:46.172344,North,Home,3872.37,31245.22,2229.21,25,2.0,False
CUST_00192,2025-02-23 03:04:41.362725,West,Home,5595.55,56395.86,23366.72,60,5.0,False
CUST_00193,2025-02-25 07:44:36.553106,West,Electronics,5833.37,38373.84,6899.45,43,1.0,False
CUST_00194,2025-02-27 12:24:31.743486,North,Clothing,4066.75,40466.68,-8361.25,17,2.0,True
CUST_00195,2025-03-01 17:04:26.933867,West,Clothing,6481.11,55673.97,12522.87,65,5.0,True
CUST_00196,2025-03-03 21:44:22.124248,West,Clothing,6736.26,45609.25,21821.85,21,4.0,True
CUST_00197,2025-03-06 02:24:17.314629,South,Clothing,7154.45,56704.18,21238.19,52,3.0,True
CUST_00198,2025-03-08 07:04:12.505010,North,Sports,5794.12,46108.93,21116.29,54,3.0,False
CUST_00199,2025-03-10 11:44:07.695390,West,Sports,7045.14,56006.27,2942.81,53,4.0,False
CUST_00200,2025-03-12 16:24:02.885771,East,Clothing,2178.8,29340.32,11666.32,18,1.0,True
CUST_00201,2025-03-14 21:03:58.076152,South,Sports,4523.14,34006.43,1067.2,25,1.0,False
CUST_00202,2025-03-17 01:43:53.266533,North,Home,3699.49,31765.92,7287.89,40,2.0,False
CUST_00203,2025-03-19 06:23:48.456913,East,Sports,5178.84,43198.01,-1135.03,28,5.0,False
CUST_00204,2025-03-21 11:03:43.647294,West,Sports,4142.83,46622.24,3880.81,56,3.0,True
CUST_00205,2025-03-23 15:43:38.837675,West,Clothing,4750.76,42969.62,3000.81,43,3.0,False
CUST_00206,2025-03-25 20:23:34.028056,West,Sports,7823.26,49810.83,15255.84,40,4.0,True
CUST_00207,2025-03-28 01:03:29.218436,West,Clothing,4745.42,,13919.92,42,5.0,True
CUST_00208,2025-03-30 05:43:24.408817,South,Clothing,5620.69,44193.51,9892.57,36,3.0,True
CUST_00209,2025-04-01 10:23:19.599198,West,Home,4651.6,44999.68,-1353.01,52,3.0,False
CUST_00210,2025-04-03 15:03:14.789579,East,Sports,5113.57,44816.77,5885.54,51,5.0,False
CUST_00211,2025-04-05 19:43:09.979959,South,Clothing,5009.03,35831.46,1226.85,22,1.0,True
CUST_00212,2025-04-08 00:23:05.170340,South,Sports,5672.49,35210.0,12425.53,32,4.0,True
CUST_00213,2025-04-10 05:03:00.360721,West,Home,6747.96,45830.88,16496.85,39,2.0,False
CUST_00214,2025-04-12 09:42:55.551102,North,Sports,7471.09,39902.05,14577.07,50,3.0,False
CUST_00215,2025-04-14 14:22:50.741482,South,Electronics,5464.43,40252.46,1958.91,29,3.0,True
CUST_00216,2025-04-16 19:02:45.931863,South,Electronics,5884.32,40345.04,-11914.63,53,2.0,False
CUST_00217,2025-04-18 23:42:41.122244,West,Clothing,3273.7,34134.87,-6224.46,34,2.0,False
CUST_00218,2025-04-21 04:22:36.312625,West,Clothing,4868.18,27949.65,14982.33,19,3.0,False
CUST_00219,2025-04-23 09:02:31.503006,North,Sports,6410.43,37675.15,3972.74,32,4.0,False
CUST_00220,2025-04-25 13:42:26.693386,East,Home,6298.95,51585.02,4030.23,45,3.0,False
CUST_00221,2025-04-27 18:22:21.883767,East,Clothing,5317.41,38746.53,18473.0,29,3.0,False
CUST_00222,2025-04-29 23:02:17.074148,East,Clothing,6329.59,47936.32,17484.66,49,,False
CUST_00223,2025-05-02 03:42:12.264529,South,Sports,5736.15,33321.17,6168.95,23,2.0,True
CUST_00224,2025-05-04 08:22:07.454909,North,Clothing,6800.46,52740.36,7439.44,35,4.0,True
CUST_00225,2025-05-06 13:02:02.645290,West,Home,5434.04,44376.02,7062.97,41,4.0,False
CUST_00226,2025-05-08 17:41:57.835671,North,Sports,4466.45,37691.01,8374.52,23,5.0,True
CUST_00227,2025-05-10 22:21:53.026052,West,Electronics,5503.76,57033.95,21466.44,51,3.0,False
CUST_00228,2025-05-13 03:01:48.216432,South,Sports,604.11,27403.63,7889.93,20,2.0,True
CUST_00229,2025-05-15 07:41:43.406813,South,Electronics,5574.33,38184.49,11955.41,31,4.0,True
CUST_00230,2025-05-17 12:21:38.597194,West,Home,500.0,22468.9,12229.29,38,3.0,True
CUST_00231,2025-05-19 17:01:33.787575,West,Sports,2414.8,31481.49,-2521.06,32,2.0,True
CUST_00232,2025-05-21 21:41:28.977955,East,Clothing,5677.65,46225.1,13604.55,48,3.0,True
CUST_00233,2025-05-24 02:21:24.168336,North,Sports,5716.29,40819.06,5285.45,27,4.0,True
CUST_00234,2025-05-26 07:01:19.358717,South,Clothing,3256.36,28544.21,-12474.71,23,2.0,False
CUST_00235,2025-05-28 11:41:14.549098,North,Clothing,3931.85,41573.29,-7413.99,43,3.0,True
CUST_00236,2025-05-30 16:21:09.739478,North,Home,7055.81,46177.2,1185.07,38,3.0,True
CUST_00237,2025-06-01 21:01:04.929859,East,Electronics,4273.95,49633.76,12652.64,57,4.0,True
CUST_00238,2025-06-04 01:41:00.120240,South,Electronics,8364.38,51466.23,10060.52,42,3.0,True
CUST_00239,2025-06-06 06:20:55.310621,West,Home,4997.12,52485.07,10737.88,50,2.0,True
CUST_00240,2025-06-08 11:00:50.501002,West,Electronics,5612.05,47819.81,22264.17,43,2.0,False
CUST_00241,2025-06-10 15:40:45.691382,North,Clothing,7425.31,53116.05,677.26,54,2.0,False
CUST_00242,2025-06-12 20:20:40.881763,South,Sports,5196.54,34778.11,6068.03,30,2.0,True
CUST_00243,2025-06-15 01:00:36.072144,West,Sports,3496.48,33347.14,8133.53,31,3.0,True
CUST_00244,2025-06-17 05:40:31.262525,East,Home,4835.41,,2547.42,41,2.0,True
CUST_00245,2025-06-19 10:20:26.452905,South,Sports,4946.58,42389.1,7828.33,37,2.0,True
CUST_00246,2025-06-21 15:00:21.643286,North,Sports,2952.89,30687.83,-5675.84,35,2.0,False
CUST_00247,2025-06-23 19:40:16.833667,South,Sports,4616.25,29723.04,15219.49,32,2.0,True
CUST_00248,2025-06-26 00:20:12.024048,East,Home,3886.71,29950.56,619.8,29,4.0,False
CUST_00249,2025-06-28 05:00:07.214428,East,Home,6386.54,39630.46,21353.28,36,4.0,True
CUST_00250,2025-06-30 09:40:02.404809,East,Sports,5051.92,32604.56,5641.5,39,3.0,True
CUST_00251,2025-07-02 14:19:57.595190,South,Electronics,4575.81,36600.65,13784.49,35,2.0,True
CUST_00252,2025-07-04 18:59:52.785571,North,Home,4840.73,43753.13,7502.44,41,3.0,True
CUST_00253,2025-07-06 23:39:47.975951,East,Electronics,5334.68,42551.65,7444.09,43,3.0,False
CUST_00254,2025-07-09 04:19:43.166332,West,Sports,5925.22,36193.81,2426.68,50,3.0,True
CUST_00255,2025-07-11 08:59:38.356713,West,Clothing,3500.43,36857.92,7468.29,26,2.0,False
CUST_00256,2025-07-13 13:39:33.547094,South,Electronics,3437.62,30761.48,7763.06,37,3.0,False
CUST_00257,2025-07-15 18:19:28.737474,North,Electronics,6657.02,55948.07,4580.84,41,2.0,True
CUST_00258,2025-07-17 22:59:23.927855,West,Clothing,4381.49,34095.29,5261.84,36,3.0,True
CUST_00259,2025-07-20 03:39:19.118236,West,Clothing,2874.74,33415.56,1744.11,46,3.0,True
CUST_00260,2025-07-22 08:19:14.308617,South,Sports,5665.72,49077.14,24931.53,53,3.0,True
CUST_00261,2025-07-24 12:59:09.498998,West,Home,5695.05,48930.11,8179.3,50,5.0,False
CUST_00262,2025-07-26 17:39:04.689378,North,Sports,2703.93,32547.27,16675.13,28,2.0,True
CUST_00263,2025-07-28 22:18:59.879759,East,Home,5344.22,43379.81,6439.01,44,3.0,False
CUST_00264,2025-07-31 02:58:55.070140,West,Sports,6103.37,50008.22,10816.49,48,3.0,False
CUST_00265,2025-08-02 07:38:50.260521,North,Electronics,5561.58,45094.37,-1132.56,39,3.0,True
CUST_00266,2025-08-04 12:18:45.450901,West,Electronics,5947.97,43719.46,4739.99,41,3.0,False
CUST_00267,2025-08-06 16:58:40.641282,West,Electronics,2893.6,39954.68,8665.58,42,3.0,True
CUST_00268,2025-08-08 21:38:35.831663,West,Home,5496.56,39126.23,18144.75,33,4.0,False
CUST_00269,2025-08-11 02:18:31.022044,West,Sports,4546.07,,9446.18,37,4.0,True
CUST_00270,2025-08-13 06:58:26.212424,West,Electronics,4275.81,42031.96,17251.8,31,3.0,False
CUST_00271,2025-08-15 11:38:21.402805,West,Home,6305.83,46191.87,12799.64,49,4.0,False
CUST_00272,2025-08-17 16:18:16.593186,West,Electronics,7218.91,52827.22,20900.71,57,3.0,False
CUST_00273,2025-08-19 20:58:11.783567,West,Sports,7691.56,51733.52,8898.74,54,4.0,True
CUST_00274,2025-08-22 01:38:06.973947,South,Clothing,6972.21,40625.34,24044.12,48,2.0,False
CUST_00275,2025-08-24 06:18:02.164328,South,Sports,4835.4,35683.52,3025.26,36,4.0,True
CUST_00276,2025-08-26 10:57:57.354709,East,Clothing,5529.08,38221.38,1514.62,41,5.0,False
CUST_00277,2025-08-28 15:37:52.545090,East,Clothing,6150.23,47854.92,143.52,50,3.0,True
CUST_00278,2025-08-30 20:17:47.735470,East,Sports,5181.77,36631.64,22910.87,36,1.0,True
CUST_00279,2025-09-02 00:57:42.925851,North,Electronics,5196.15,43514.47,13568.74,39,3.0,True
CUST_00280,2025-09-04 05:37:38.116232,North,Sports,6235.63,38220.12,4540.78,56,4.0,True
CUST_00281,2025-09-06 10:17:33.306613,West,Clothing,4911.08,41012.83,16125.47,37,4.0,True
CUST_00282,2025-09-08 14:57:28.496993,West,Clothing,3906.07,36716.26,11422.77,31,3.0,False
CUST_00283,2025-09-10 19:37:23.687374,West,Home,4378.29,48368.9,22469.29,52,,True
CUST_00284,2025-09-13 00:17:18.877755,West,Sports,5950.87,49699.91,-1888.85,52,4.0,False
CUST_00285,2025-09-15 04:57:14.068136,South,Home,5004.49,37219.29,4841.95,26,4.0,True
CUST_00286,2025-09-17 09:37:09.258517,East,Electronics,5510.31,46309.86,5098.12,55,4.0,False
CUST_00287,2025-09-19 14:17:04.448897,West,Sports,6005.12,37774.51,-7016.37,37,4.0,False
CUST_00288,2025-09-21 18:56:59.639278,East,Electronics,4437.74,39340.28,14503.54,30,3.0,True
CUST_00289,2025-09-23 23:36:54.829659,East,Electronics,6134.37,56345.06,8249.33,66,5.0,False
CUST_00290,2025-09-26 04:16:50.020040,West,Clothing,5568.26,47269.79,13685.98,52,3.0,False
CUST_00291,2025-09-28 08:56:45.210420,North,Electronics,3147.78,32280.69,22328.93,22,2.0,False
CUST_00292,2025-09-30 13:36:40.400801,West,Sports,7163.46,55759.47,7564.0,70,5.0,True
CUST_00293,2025-10-02 18:16:35.591182,North,Home,4248.88,40853.56,4405.57,46,3.0,True
CUST_00294,2025-10-04 22:56:30.781563,West,Electronics,2517.36,24477.09,5236.53,24,3.0,False
CUST_00295,2025-10-07 03:36:25.971943,North,Sports,3432.43,24728.11,11361.79,37,2.0,True
CUST_00296,2025-10-09 08:16:21.162324,North,Clothing,3468.43,34350.19,2216.04,36,2.0,False
CUST_00297,2025-10-11 12:56:16.352705,North,Home,5078.26,36178.66,2095.43,36,3.0,True
CUST_00298,2025-10-13 17:36:11.543086,North,Clothing,4589.22,44372.02,15387.29,39,4.0,False
CUST_00299,2025-10-15 22:16:06.733466,South,Clothing,4494.75,34873.14,8927.64,40,3.0,True
CUST_00300,2025-10-18 02:56:01.923847,South,Electronics,5929.55,32530.56,-8457.6,36,1.0,True
CUST_00301,2025-10-20 07:35:57.114228,South,Sports,5509.81,34199.18,-2421.89,34,3.0,False
CUST_00302,2025-10-22 12:15:52.304609,West,Home,5474.07,32662.91,16387.97,26,4.0,False
CUST_00303,2025-10-24 16:55:47.494989,East,Clothing,5614.74,43318.34,10610.8,44,3.0,False
CUST_00304,2025-10-26 21:35:42.685370,East,Sports,5924.2,44799.89,2728.61,44,2.0,False
CUST_00305,2025-10-29 02:15:37.875751,North,Clothing,1838.07,24789.97,3269.33,14,,True
CUST_00306,2025-10-31 06:55:33.066132,East,Clothing,4453.34,45282.77,8243.55,34,4.0,True
CUST_00307,2025-11-02 11:35:28.256513,East,Home,1729.68,35001.34,11450.37,40,3.0,True
CUST_00308,2025-11-04 16:15:23.446893,South,Electronics,5054.09,37969.42,-2673.35,17,3.0,True
CUST_00309,2025-11-06 20:55:18.637274,West,Home,4993.05,33918.73,218.73,36,4.0,True
CUST_00310,2025-11-09 01:35:13.827655,West,Sports,6568.3,53994.6,11629.72,50,,False
CUST_00311,2025-11-11 06:15:09.018036,East,Clothing,6781.45,52052.61,8670.63,63,5.0,True
CUST_00312,2025-11-13 10:55:04.208416,East,Home,5304.16,44928.61,12090.16,41,4.0,True
CUST_00313,2025-11-15 15:34:59.398797,West,Sports,4249.46,46585.23,-221.21,52,4.0,True
CUST_00314,2025-11-17 20:14:54.589178,East,Sports,5727.74,39281.83,9570.63,36,3.0,True
CUST_00315,2025-11-20 00:54:49.779559,East,Sports,4208.12,49086.27,16476.61,50,3.0,True
CUST_00316,2025-11-22 05:34:44.969939,East,Home,4997.91,37419.51,10143.24,43,4.0,False
CUST_00317,2025-11-24 10:14:40.160320,East,Clothing,6479.2,51902.93,10316.31,48,3.0,True
CUST_00318,2025-11-26 14:54:35.350701,South,Clothing,4163.34,26971.63,4183.71,35,1.0,False
CUST_00319,2025-11-28 19:34:30.541082,West,Home,6208.52,44952.75,2247.54,37,4.0,False
CUST_00320,2025-12-01 00:14:25.731462,North,Home,6016.1,51431.25,8753.64,54,4.0,False
CUST_00321,2025-12-03 04:54:20.921843,North,Electronics,3567.81,,14715.96,40,3.0,False
CUST_00322,2025-12-05 09:34:16.112224,East,Home,6460.84,,8591.24,58,4.0,True
CUST_00323,2025-12-07 14:14:11.302605,East,Clothing,6047.85,47706.18,2358.48,63,3.0,True
CUST_00324,2025-12-09 18:54:06.492985,East,Sports,5152.89,42431.76,4191.99,36,4.0,True
CUST_00325,2025-12-11 23:34:01.683366,North,Sports,3856.51,42105.31,8984.91,31,3.0,False
CUST_00326,2025-12-14 04:13:56.873747,South,Electronics,3711.19,32536.47,3241.97,25,2.0,False
CUST_00327,2025-12-16 08:53:52.064128,North,Clothing,4193.51,27760.33,8393.98,33,,True
CUST_00328,2025-12-18 13:33:47.254509,East,Electronics,5813.89,41644.37,11155.89,46,5.0,True
CUST_00329,2025-12-20 18:13:42.444889,South,Clothing,3566.56,35942.21,12692.48,37,1.0,False
CUST_00330,2025-12-22 22:53:37.635270,West,Home,5656.27,49537.62,18881.69,41,4.0,False
CUST_00331,2025-12-25 03:33:32.825651,South,Home,3137.37,23664.18,11230.56,30,1.0,True
CUST_00332,2025-12-27 08:13:28.016032,West,Clothing,4693.9,40118.88,681.72,30,3.0,False
CUST_00333,2025-12-29 12:53:23.206412,South,Home,5164.47,36729.28,286.53,46,2.0,False
CUST_00334,2025-12-31 17:33:18.396793,North,Sports,8667.7,52838.43,8980.52,76,2.0,False
CUST_00335,2026-01-02 22:13:13.587174,West,Clothing,2934.03,29866.54,2217.75,33,3.0,True
CUST_00336,2026-01-05 02:53:08.777555,South,Sports,7208.02,44715.23,80.45,49,3.0,True
CUST_00337,2026-01-07 07:33:03.967935,West,Clothing,5224.76,42296.0,4521.44,38,1.0,False
CUST_00338,2026-01-09 12:12:59.158316,South,Home,5616.76,45379.7,4846.76,31,4.0,True
CUST_00339,2026-01-11 16:52:54.348697,West,Sports,5177.52,49825.69,4265.69,45,5.0,True
CUST_00340,2026-01-13 21:32:49.539078,North,Home,5667.09,42024.31,5353.85,33,4.0,True
CUST_00341,2026-01-16 02:12:44.729458,West,Clothing,4769.47,42217.69,15848.34,31,3.0,True
CUST_00342,2026-01-18 06:52:39.919839,North,Electronics,7181.08,49538.92,10311.67,63,3.0,False
CUST_00343,2026-01-20 11:32:35.110220,North,Electronics,4315.29,33308.3,23298.16,35,4.0,True
CUST_00344,2026-01-22 16:12:30.300601,South,Clothing,6698.35,40204.25,8430.32,43,5.0,False
CUST_00345,2026-01-24 20:52:25.490981,South,Electronics,4033.45,30592.69,3476.22,28,4.0,True
CUST_00346,2026-01-27 01:32:20.681362,South,Sports,4909.62,35639.42,6444.03,34,2.0,True
CUST_00347,2026-01-29 06:12:15.871743,North,Sports,3392.06,27940.86,6824.8,36,3.0,True
CUST_00348,2026-01-31 10:52:11.062124,West,Clothing,5682.54,48745.44,11820.96,48,4.0,False
CUST_00349,2026-02-02 15:32:06.252505,South,Clothing,7167.69,51539.33,23814.06,56,2.0,True
CUST_00350,2026-02-04 20:12:01.442885,West,Clothing,4883.97,36835.37,713.12,35,3.0,True
CUST_00351,2026-02-07 00:51:56.633266,South,Electronics,4704.67,38194.33,12888.3,35,5.0,False
CUST_00352,2026-02-09 05:31:51.823647,West,Home,3328.07,37477.62,8200.23,26,3.0,True
CUST_00353,2026-02-11 10:11:47.014028,South,Home,4656.06,39611.79,-3867.56,24,4.0,True
CUST_00354,2026-02-13 14:51:42.204408,South,Sports,2610.81,29673.54,10736.13,28,3.0,True
CUST_00355,2026-02-15 19:31:37.394789,East,Electronics,3630.68,30064.74,14285.02,31,2.0,False
CUST_00356,2026-02-18 00:11:32.585170,East,Home,5340.18,37873.77,817.04,28,3.0,True
CUST_00357,2026-02-20 04:51:27.775551,South,Home,6978.52,47401.2,8469.68,47,3.0,True
CUST_00358,2026-02-22 09:31:22.965931,South,Electronics,9213.82,61354.17,-1033.73,62,3.0,True
CUST_00359,2026-02-24 14:11:18.156312,East,Electronics,4120.12,28279.55,-3721.33,11,4.0,True
CUST_00360,2026-02-26 18:51:13.346693,South,Home,7152.95,49725.43,16286.79,42,5.0,True
CUST_00361,2026-02-28 23:31:08.537074,North,Electronics,5365.63,47810.62,5341.0,51,2.0,True
CUST_00362,2026-03-03 04:11:03.727454,West,Electronics,4773.13,43742.38,112.01,47,4.0,True
CUST_00363,2026-03-05 08:50:58.917835,West,Home,5648.89,50776.58,10746.01,42,3.0,True
CUST_00364,2026-03-07 13:30:54.108216,West,Electronics,5092.87,42301.15,3957.32,44,3.0,False
CUST_00365,2026-03-09 18:10:49.298597,South,Clothing,5165.59,39525.54,3818.85,48,3.0,True
CUST_00366,2026-03-11 22:50:44.488977,East,Electronics,4387.5,32420.43,11010.96,39,4.0,True
CUST_00367,2026-03-14 03:30:39.679358,South,Home,2902.84,19379.63,-4643.8,19,2.0,False
CUST_00368,2026-03-16 08:10:34.869739,South,Home,2684.56,34957.08,-45.28,31,4.0,False
CUST_00369,2026-03-18 12:50:30.060120,East,Sports,5979.87,42014.49,8641.17,37,3.0,False
CUST_00370,2026-03-20 17:30:25.250501,North,Clothing,4584.95,36597.16,13373.36,40,3.0,True
CUST_00371,2026-03-22 22:10:20.440881,South,Sports,4105.87,29041.26,13894.55,31,2.0,True
CUST_00372,2026-03-25 02:50:15.631262,West,Home,5012.76,38566.19,2286.48,44,5.0,True
CUST_00373,2026-03-27 07:30:10.821643,East,Home,6192.4,46980.41,15018.11,48,4.0,True
CUST_00374,2026-03-29 12:10:06.012024,East,Home,5270.55,40529.3,1806.28,47,4.0,True
CUST_00375,2026-03-31 16:50:01.202404,West,Sports,4015.92,43563.53,20624.9,44,2.0,True
CUST_00376,2026-04-02 21:29:56.392785,West,Sports,6839.44,55245.45,2007.78,62,3.0,True
CUST_00377,2026-04-05 02:09:51.583166,North,Sports,7368.78,51719.36,18608.84,59,5.0,False
CUST_00378,2026-04-07 06:49:46.773547,East,Sports,5741.83,47315.34,3921.36,41,4.0,True
CUST_00379,2026-04-09 11:29:41.963927,East,Clothing,6460.5,56900.82,24334.87,42,2.0,True
CUST_00380,2026-04-11 16:09:37.154308,South,Clothing,6862.94,41798.79,11663.03,54,4.0,False
CUST_00381,2026-04-13 20:49:32.344689,South,Sports,6695.15,46205.92,1204.95,48,3.0,False
CUST_00382,2026-04-16 01:29:27.535070,North,Home,5921.15,50063.04,5355.68,36,5.0,True
CUST_00383,2026-04-18 06:09:22.725450,South,Home,5897.52,49642.78,14403.97,44,3.0,True
CUST_00384,2026-04-20 10:49:17.915831,East,Sports,5779.49,39254.15,14434.26,45,3.0,True
CUST_00385,2026-04-22 15:29:13.106212,East,Home,3353.99,35114.2,5825.55,33,4.0,True
CUST_00386,2026-04-24 20:09:08.296593,North,Electronics,6051.08,51769.94,9631.2,48,3.0,False
CUST_00387,2026-04-27 00:49:03.486973,South,Clothing,2966.28,,11463.66,45,2.0,True
CUST_00388,2026-04-29 05:28:58.677354,North,Home,3808.1,37013.72,7585.06,29,,True
CUST_00389,2026-05-01 10:08:53.867735,West,Sports,6955.35,52552.97,405.0,46,4.0,True
CUST_00390,2026-05-03 14:48:49.058116,North,Sports,6260.33,43957.32,2221.5,46,2.0,True
CUST_00391,2026-05-05 19:28:44.248497,South,Home,7231.1,50215.49,10684.63,53,2.0,True
CUST_00392,2026-05-08 00:08:39.438877,West,Clothing,4592.49,42973.08,16243.53,47,4.0,True
CUST_00393,2026-05-10 04:48:34.629258,South,Sports,3271.63,32753.61,17207.53,40,2.0,False
CUST_00394,2026-05-12 09:28:29.819639,South,Clothing,4639.34,38845.37,12448.87,40,3.0,False
CUST_00395,2026-05-14 14:08:25.010020,West,Electronics,5153.05,43131.83,9774.76,47,1.0,True
CUST_00396,2026-05-16 18:48:20.200400,East,Clothing,5118.48,46559.58,13622.42,44,,True
CUST_00397,2026-05-18 23:28:15.390781,North,Clothing,6700.52,62313.31,6549.14,63,4.0,False
CUST_00398,2026-05-21 04:08:10.581162,West,Clothing,4458.09,34902.44,5209.82,36,4.0,True
CUST_00399,2026-05-23 08:48:05.771543,East,Electronics,5528.05,47202.27,2727.49,49,3.0,True
CUST_00400,2026-05-25 13:28:00.961923,East,Home,3517.06,33752.29,-2665.79,40,4.0,False
CUST_00401,2026-05-27 18:07:56.152304,East,Sports,5675.48,49088.92,11170.85,54,3.0,True
CUST_00402,2026-05-29 22:47:51.342685,North,Electronics,5004.66,41266.44,8726.55,42,2.0,True
CUST_00403,2026-06-01 03:27:46.533066,South,Home,3875.28,39340.39,11894.84,33,4.0,True
CUST_00404,2026-06-03 08:07:41.723446,West,Home,4646.26,50507.56,12914.14,51,4.0,True
CUST_00405,2026-06-05 12:47:36.913827,North,Electronics,4723.74,40917.05,9063.58,41,3.0,True
CUST_00406,2026-06-07 17:27:32.104208,North,Electronics,4594.77,45114.33,12016.9,47,3.0,False
CUST_00407,2026-06-09 22:07:27.294589,West,Home,7657.01,44996.56,7800.6,63,4.0,True
CUST_00408,2026-06-12 02:47:22.484969,North,Sports,4852.33,48466.59,11614.23,44,5.0,True
CUST_00409,2026-06-14 07:27:17.675350,West,Electronics,4634.16,46531.93,3292.74,50,3.0,False
CUST_00410,2026-06-16 12:07:12.865731,North,Home,1853.82,33939.51,8697.05,42,3.0,True
CUST_00411,2026-06-18 16:47:08.056112,South,Electronics,3658.69,28685.38,9842.29,29,3.0,True
CUST_00412,2026-06-20 21:27:03.246492,South,Clothing,4605.39,34432.71,1510.12,53,2.0,True
CUST_00413,2026-06-23 02:06:58.436873,West,Home,3971.22,42794.58,8065.85,40,3.0,False
CUST_00414,2026-06-25 06:46:53.627254,North,Sports,7072.56,49400.06,4526.79,52,3.0,True
CUST_00415,2026-06-27 11:26:48.817635,West,Clothing,4752.59,46635.72,4708.88,40,4.0,False
CUST_00416,2026-06-29 16:06:44.008016,West,Sports,6932.67,59378.24,2813.58,57,5.0,False
CUST_00417,2026-07-01 20:46:39.198396,West,Clothing,5092.56,37784.13,15661.57,40,3.0,False
CUST_00418,2026-07-04 01:26:34.388777,South,Home,5055.84,45347.46,15622.34,52,3.0,False
CUST_00419,2026-07-06 06:06:29.579158,West,Sports,4866.81,45778.63,12002.19,48,4.0,False
CUST_00420,2026-07-08 10:46:24.769539,North,Home,5005.69,40288.87,21057.37,50,,False
CUST_00421,2026-07-10 15:26:19.959919,South,Sports,7578.19,43257.19,6461.58,42,4.0,False
CUST_00422,2026-07-12 20:06:15.150300,West,Sports,1520.58,34912.58,27506.6,32,3.0,False
CUST_00423,2026-07-15 00:46:10.340681,West,Clothing,1997.68,22250.19,2412.33,44,1.0,False
CUST_00424,2026-07-17 05:26:05.531062,West,Clothing,4185.24,46327.95,10125.38,49,2.0,False
CUST_00425,2026-07-19 10:06:00.721442,South,Home,5021.79,32986.64,3153.15,27,4.0,True
CUST_00426,2026-07-21 14:45:55.911823,North,Sports,6035.16,45782.92,10847.2,40,3.0,False
CUST_00427,2026-07-23 19:25:51.102204,West,Clothing,5709.63,48632.68,14603.19,41,5.0,True
CUST_00428,2026-07-26 00:05:46.292585,North,Sports,4423.63,44947.22,7293.08,52,3.0,False
CUST_00429,2026-07-28 04:45:41.482965,West,Home,6528.57,51640.99,21732.42,49,4.0,True
CUST_00430,2026-07-30 09:25:36.673346,North,Sports,6545.29,44145.48,9620.23,45,5.0,False
CUST_00431,2026-08-01 14:05:31.863727,North,Home,5276.09,40021.33,9097.24,40,2.0,False
CUST_00432,2026-08-03 18:45:27.054108,South,Electronics,6443.99,52605.36,3105.98,58,2.0,False
CUST_00433,2026-08-05 23:25:22.244488,South,Electronics,5408.97,44797.36,10993.02,38,4.0,True
CUST_00434,2026-08-08 04:05:17.434869,North,Clothing,4157.78,36197.95,5577.44,28,2.0,False
CUST_00435,2026-08-10 08:45:12.625250,West,Home,6046.73,49514.67,4654.96,51,3.0,False
CUST_00436,2026-08-12 13:25:07.815631,West,Electronics,5165.92,39352.79,1648.18,44,2.0,False
CUST_00437,2026-08-14 18:05:03.006012,West,Home,5002.01,48490.41,27430.62,51,4.0,False
CUST_00438,2026-08-16 22:44:58.196392,East,Clothing,7209.43,44093.64,6092.51,38,2.0,True
CUST_00439,2026-08-19 03:24:53.386773,South,Home,1323.69,29623.75,-4866.62,35,2.0,True
CUST_00440,2026-08-21 08:04:48.577154,South,Sports,2873.47,32722.0,1002.41,27,3.0,True
CUST_00441,2026-08-23 12:44:43.767535,North,Sports,3219.39,46412.34,7993.25,42,2.0,False
CUST_00442,2026-08-25 17:24:38.957915,West,Clothing,4455.11,38934.76,10834.93,31,2.0,True
CUST_00443,2026-08-27 22:04:34.148296,South,Sports,4618.09,38589.04,10829.6,49,3.0,False
CUST_00444,2026-08-30 02:44:29.338677,West,Home,2739.01,46592.48,13122.95,52,2.0,False
CUST_00445,2026-09-01 07:24:24.529058,West,Electronics,3522.26,46706.0,3893.06,52,3.0,True
CUST_00446,2026-09-03 12:04:19.719438,South,Electronics,3708.74,32028.89,8148.28,42,3.0,True
CUST_00447,2026-09-05 16:44:14.909819,North,Sports,8686.14,57554.38,4227.37,80,3.0,True
CUST_00448,2026-09-07 21:24:10.100200,South,Sports,7702.61,51525.45,4937.08,38,3.0,False
CUST_00449,2026-09-10 02:04:05.290581,West,Clothing,4382.38,45659.28,1794.71,40,3.0,True
CUST_00450,2026-09-12 06:44:00.480961,South,Electronics,4454.63,35060.1,-2007.9,30,2.0,True
CUST_00451,2026-09-14 11:23:55.671342,West,Home,3276.19,39408.17,14542.94,33,4.0,False
CUST_00452,2026-09-16 16:03:50.861723,North,Electronics,2137.8,22325.96,8838.95,14,3.0,True
CUST_00453,2026-09-18 20:43:46.052104,South,Electronics,4824.68,40754.34,14172.44,38,3.0,False
CUST_00454,2026-09-21 01:23:41.242484,West,Electronics,3503.22,43057.99,8025.63,33,4.0,True
CUST_00455,2026-09-23 06:03:36.432865,West,Clothing,4872.72,45163.8,13567.14,48,3.0,True
CUST_00456,2026-09-25 10:43:31.623246,West,Electronics,2599.69,29148.51,-7082.29,30,3.0,True
CUST_00457,2026-09-27 15:23:26.813627,North,Sports,3857.04,42210.81,13639.56,46,5.0,True
CUST_00458,2026-09-29 20:03:22.004008,East,Home,5222.94,47069.39,9712.33,51,4.0,True
CUST_00459,2026-10-02 00:43:17.194388,South,Home,5549.31,39437.18,11488.46,44,1.0,False
CUST_00460,2026-10-04 05:23:12.384769,South,Clothing,5626.21,41986.83,10217.79,39,3.0,True
CUST_00461,2026-10-06 10:03:07.575150,South,Sports,3019.27,25473.72,-2324.12,42,3.0,True
CUST_00462,2026-10-08 14:43:02.765531,West,Home,6282.03,46916.06,-2041.39,49,3.0,True
CUST_00463,2026-10-10 19:22:57.955911,North,Electronics,3799.68,34439.67,1214.76,20,,True
CUST_00464,2026-10-13 00:02:53.146292,East,Electronics,5949.29,54384.25,13743.59,46,3.0,False
CUST_00465,2026-10-15 04:42:48.336673,South,Sports,4984.04,37698.65,11616.4,24,2.0,True
CUST_00466,2026-10-17 09:22:43.527054,South,Electronics,2935.42,35917.74,-3110.4,36,,False
CUST_00467,2026-10-19 14:02:38.717434,South,Clothing,4525.7,36401.23,-315.47,35,1.0,True
CUST_00468,2026-10-21 18:42:33.907815,North,Home,5548.05,45436.92,3116.0,42,3.0,True
CUST_00469,2026-10-23 23:22:29.098196,West,Sports,5919.45,49990.81,6497.21,66,5.0,True
CUST_00470,2026-10-26 04:02:24.288577,East,Electronics,4788.52,48054.36,-884.57,52,2.0,True
CUST_00471,2026-10-28 08:42:19.478957,East,Sports,7297.67,51066.62,-762.37,57,2.0,False
CUST_00472,2026-10-30 13:22:14.669338,East,Clothing,6511.27,42747.42,1941.69,35,2.0,True
CUST_00473,2026-11-01 18:02:09.859719,West,Home,4615.02,38630.33,7557.24,31,3.0,True
CUST_00474,2026-11-03 22:42:05.050100,West,Electronics,6125.18,48936.34,544.38,49,3.0,False
CUST_00475,2026-11-06 03:22:00.240480,West,Sports,7900.69,52467.46,8633.52,54,5.0,False
CUST_00476,2026-11-08 08:01:55.430861,East,Home,7940.73,58438.97,17928.88,44,5.0,False
CUST_00477,2026-11-10 12:41:50.621242,East,Home,3158.0,34943.16,-2822.69,34,3.0,False
CUST_00478,2026-11-12 17:21:45.811623,South,Home,3610.2,47468.83,7099.27,48,3.0,False
CUST_00479,2026-11-14 22:01:41.002004,South,Electronics,7227.38,41390.94,14623.67,40,3.0,False
CUST_00480,2026-11-17 02:41:36.192384,East,Home,3412.58,39353.48,4155.75,33,2.0,False
CUST_00481,2026-11-19 07:21:31.382765,East,Electronics,3016.19,31124.99,1586.81,27,3.0,True
CUST_00482,2026-11-21 12:01:26.573146,West,Electronics,4270.71,41830.83,15674.02,40,2.0,False
CUST_00483,2026-11-23 16:41:21.763527,South,Home,5630.34,44458.46,5859.11,45,4.0,True
CUST_00484,2026-11-25 21:21:16.953907,East,Electronics,4846.4,32503.76,13582.14,37,4.0,False
CUST_00485,2026-11-28 02:01:12.144288,West,Home,4024.15,44540.75,11020.09,53,3.0,False
CUST_00486,2026-11-30 06:41:07.334669,East,Sports,3988.68,50244.26,6644.05,48,3.0,True
CUST_00487,2026-12-02 11:21:02.525050,East,Electronics,3931.49,38248.79,10242.62,35,3.0,False
CUST_00488,2026-12-04 16:00:57.715430,West,Electronics,3680.74,43326.98,10042.0,47,1.0,False
CUST_00489,2026-12-06 20:40:52.905811,South,Electronics,8422.45,60134.41,17970.37,65,4.0,True
CUST_00490,2026-12-09 01:20:48.096192,South,Clothing,5446.27,42300.3,3775.64,39,3.0,True
CUST_00491,2026-12-11 06:00:43.286573,South,Home,6330.14,43765.75,8166.28,50,3.0,False
CUST_00492,2026-12-13 10:40:38.476953,South,Home,4266.38,27051.85,4438.72,35,3.0,False
CUST_00493,2026-12-15 15:20:33.667334,South,Electronics,4721.06,43469.21,12753.5,54,3.0,True
CUST_00494,2026-12-17 20:00:28.857715,East,Home,3929.67,40047.83,32.36,54,2.0,True
CUST_00495,2026-12-20 00:40:24.048096,South,Home,1022.44,20436.33,10797.38,14,2.0,False
CUST_00496,2026-12-22 05:20:19.238476,East,Home,2932.99,37289.93,9976.49,37,3.0,True
CUST_00497,2026-12-24 10:00:14.428857,East,Clothing,2284.07,,-3610.06,31,3.0,True
CUST_00498,2026-12-26 14:40:09.619238,South,Sports,1625.32,25314.17,13014.39,25,2.0,True
CUST_00499,2026-12-28 19:20:04.809619,East,Home,3206.96,40829.3,22987.93,36,4.0,True
CUST_00500,2026-12-31 00:00:00.000000,East,Sports,6987.43,46242.82,15336.55,34,2.0,True
